Timestamp,Oppenheimer,F1,Sinners,One Battle After Another,Mickey 17,Dead Man's Wire
9/9/2026 22:13:23,5,Did not watch,4,5,Did not watch,Did not watch
9/9/2026 22:13:33,4,Did not watch,5,Did not watch,Did not watch,Did not watch
9/9/2026 22:17:29,Did not watch,Did not watch,4,Did not watch,Did not watch,Did not watch
9/10/2026 11:37:51,Did not watch,Did not watch,Did not watch,Did not watch,Did not watch,Did not watch
9/10/2026 14:25:21,Did not watch,Did not watch,5,Did not watch,3,Did not watch
9/10/2026 23:14:19,4,4,5,4,4,4
9/11/2026 11:31:03,Did not watch,Did not watch,5,Did not watch,Did not watch,Did not watch
9/11/2026 11:34:50,5,5,5,Did not watch,Did not watch,Did not watch
9/11/2026 11:42:49,4,5,5,3,4,3
9/11/2026 11:48:42,5,Did not watch,5,Did not watch,Did not watch,Did not watch
9/11/2026 12:01:16,Did not watch,5,5,Did not watch,5,Did not watch
9/11/2026 12:03:29,5,5,Did not watch,Did not watch,Did not watch,Did not watch
9/11/2026 12:51:35,Did not watch,Did not watch,5,Did not watch,Did not watch,4